{
  "roc_auc": 0.97845,
  "pr_auc": 0.9549723275235742,
  "confusion_matrix": [
    [
      1800,
      0
    ],
    [
      36,
      164
    ]
  ],
  "accuracy": 0.982,
  "precision": 1.0,
  "recall": 0.82,
  "f1_score": 0.9010989010989011
}