{
  "roc_auc": 0.9998972222222222,
  "pr_auc": 0.9992177554888079,
  "confusion_matrix": [
    [
      1800,
      0
    ],
    [
      1,
      199
    ]
  ],
  "accuracy": 0.9995,
  "precision": 1.0,
  "recall": 0.995,
  "f1_score": 0.9974937343358395
}